{"cameraMode":{"drawMode":0,"name":"Shaded","section":"Shading Mode"},"sceneLighting":true,"audioPlay":false,"sceneViewState":{"m_AlwaysRefresh":false,"showFog":true,"showSkybox":true,"showFlares":true,"showImageEffects":true,"showParticleSystems":true,"showVisualEffectGraphs":true,"m_FxEnabled":true},"in2DMode":false,"pivot":{"x":38.03799057006836,"y":-27.351844787597658,"z":16.265661239624025},"rotation":{"x":0.36068767309188845,"y":-0.6265569925308228,"z":0.40240123867988589,"w":0.5616188049316406},"size":59.83414840698242,"orthographic":false}